CREATE DATABASE  IF NOT EXISTS `imvic` /*!40100 DEFAULT CHARACTER SET latin1 */;
USE `imvic`;
-- MySQL dump 10.13  Distrib 8.0.36, for Win64 (x86_64)
--
-- Host: 127.0.0.1    Database: imvic
-- ------------------------------------------------------
-- Server version	5.7.36

/*!40101 SET @OLD_CHARACTER_SET_CLIENT=@@CHARACTER_SET_CLIENT */;
/*!40101 SET @OLD_CHARACTER_SET_RESULTS=@@CHARACTER_SET_RESULTS */;
/*!40101 SET @OLD_COLLATION_CONNECTION=@@COLLATION_CONNECTION */;
/*!50503 SET NAMES utf8 */;
/*!40103 SET @OLD_TIME_ZONE=@@TIME_ZONE */;
/*!40103 SET TIME_ZONE='+00:00' */;
/*!40014 SET @OLD_UNIQUE_CHECKS=@@UNIQUE_CHECKS, UNIQUE_CHECKS=0 */;
/*!40014 SET @OLD_FOREIGN_KEY_CHECKS=@@FOREIGN_KEY_CHECKS, FOREIGN_KEY_CHECKS=0 */;
/*!40101 SET @OLD_SQL_MODE=@@SQL_MODE, SQL_MODE='NO_AUTO_VALUE_ON_ZERO' */;
/*!40111 SET @OLD_SQL_NOTES=@@SQL_NOTES, SQL_NOTES=0 */;

--
-- Table structure for table `audience`
--

DROP TABLE IF EXISTS `audience`;
/*!40101 SET @saved_cs_client     = @@character_set_client */;
/*!50503 SET character_set_client = utf8mb4 */;
CREATE TABLE `audience` (
  `audienceID` int(11) NOT NULL AUTO_INCREMENT,
  `fName` varchar(30) NOT NULL,
  `lName` varchar(45) NOT NULL,
  `email` varchar(50) NOT NULL,
  `password` varchar(50) NOT NULL,
  `accountType` varchar(45) NOT NULL,
  PRIMARY KEY (`audienceID`)
) ENGINE=InnoDB AUTO_INCREMENT=66 DEFAULT CHARSET=utf8;
/*!40101 SET character_set_client = @saved_cs_client */;

--
-- Dumping data for table `audience`
--

LOCK TABLES `audience` WRITE;
/*!40000 ALTER TABLE `audience` DISABLE KEYS */;
INSERT INTO `audience` VALUES (1,'Tony','Stark','tstark@gmail.com','infinitywar','Client'),(2,'Stephen','Strange','sorcerersupreme@gmail.com','cpalmer','Client'),(3,'Clint','Barton','cbarton@gmail.com','cbarton3','Client'),(4,'Thor','Odinson','todinson@gmail.com','theodinson','Client'),(5,'Carol','Danvers','cdanvers@gmail.com','cloverdanver','Client'),(6,'Steve','Rogers','srogers@gmail.com','kennyrogers','Client'),(7,'Natasha','Romanoff','nromanoff@gmail.com','blackwidow','Client'),(8,'Eric','Brooks','ebrooks@gmail.com','brookslyn','Client'),(9,'Robbie','Reyes','rreyes@gmail.com','robbiebbie','Client'),(10,'Peter','Parker','pparker@gmail.com','spiderman','Client'),(11,'Rovic','DeMesa','RDM@gmail.com','superRovic','Client'),(12,'Lawrence','Sin','lawsin@yahoo.com','sinnnn','Client'),(13,'Miguel','Vergara','Migz@yahoo.com','vergaraaa','Client'),(14,'Joaquin Gabriel','Caparas','JGC@gmail.com','joaquinGab','Client'),(15,'Mark ','Carino','MC@gmail.com','markyyyy','Client'),(16,'Shane','Usi','UsiShane@gmail.com','shanesss','Client'),(17,'Lei Ceasar','Bagsan','Lei@gmail.com','cielbagsan','Client'),(18,'joaquin','gabriel','joaquin@gmail.com','123456','Admin'),(19,'Joaquin','Gab','Jo@gmail.com','123456','Admin'),(20,'Kin','Gabriel','kin@gmail.com','123456','Client'),(21,'John','Doe','johndoe@example.com','password123','Client'),(22,'Jane','Doe','janedoe@example.com','password456','Client'),(23,'Maria','Brent','brentmariaexample.com','password123','Client'),(24,'Alibaba','Carpet','carpetali@example.com','password333','Client'),(25,'Bobby','Stefan','bobstefan@example.com','password123','Client'),(26,'Amanda','Wilson','amandawilson@example.com','password123','Client'),(27,'David','Taylor','davidtaylor@example.com','password456','Client'),(28,'Sarah','Anderson','sarahanderson@example.com','password789','Client'),(29,'Matthew','Thomas','matthewthomas@example.com','password123','Client'),(30,'Jessica','Jackson','jessicajackson@example.com','password456','Client'),(31,'Daniel','White','danielwhite@example.com','password789','Client'),(32,'Emily','Harris','emilyharris@example.com','password123','Client'),(33,'James','Martin','jamesmartin@example.com','password456','Client'),(34,'Olivia','Thompson','oliviathompson@example.com','password789','Client'),(35,'Joshua','Garcia','joshuagarcia@example.com','password123','Client'),(36,'Emma','Martinez','emmamartinez@example.com','password456','Client'),(37,'William','Robinson','williamrobinson@example.com','password789','Client'),(38,'Isabella','Clark','isabellaclark@example.com','password123','Client'),(39,'Liam','Rodriguez','liamrodriguez@example.com','password456','Client'),(40,'Sophia','Lewis','sophialewis@example.com','password789','Client'),(41,'Benjamin','Lee','benjaminlee@example.com','password123','Client'),(42,'Mia','Walker','miawalker@example.com','password456','Client'),(43,'Ethan','Hall','ethanhall@example.com','password789','Client'),(44,'Charlotte','Allen','charlotteallen@example.com','password123','Client'),(45,'Alexander','Young','alexanderyoung@example.com','password456','Client'),(46,'Harper','King','harperking@example.com','password789','Client'),(47,'Michael','Scott','michaelscott@example.com','password123','Client'),(48,'Madison','Hill','madisonhill@example.com','password456','Client'),(49,'Daniel','Green','danielgreen@example.com','password789','Client'),(50,'Luna','Baker','lunabaker@example.com','password123','Inactive'),(51,'Joseph','Adams','josephadams@example.com','password456','Client'),(52,'Avery','Allen','averyallen@example.com','password789','Client'),(53,'Sophie','Wright','sophiewright@example.com','password123','Client'),(54,'Carter','King','carterking@example.com','password456','Client'),(55,'Evelyn','Wood','evelynwood@example.com','password789','Client'),(56,'Dylan','Evans','dylanevans@example.com','password123','Client'),(57,'Aria','Scott','ariascott@example.com','password456','Client'),(58,'Jackson','Parker','jacksonparker@example.com','password789','Client'),(59,'Scarlett','Roberts','scarlettroberts@example.com','password123','Client'),(60,'Gabriel','Cook','gabrielcook@example.com','password456','Client'),(61,'Aubrey','Morris','aubreymorris@example.com','password789','Client'),(62,'Grayson','Turner','graysonturner@example.com','password123','Client'),(63,'Zoey','Carter','zoeycarter@example.com','password456','Client'),(64,'Riley','Morris','rileymorris@example.com','password789','Client'),(65,'Sofia','Bennett','sofiabennett@example.com','password123','Client');
/*!40000 ALTER TABLE `audience` ENABLE KEYS */;
UNLOCK TABLES;

--
-- Table structure for table `loyalty_card`
--

DROP TABLE IF EXISTS `loyalty_card`;
/*!40101 SET @saved_cs_client     = @@character_set_client */;
/*!50503 SET character_set_client = utf8mb4 */;
CREATE TABLE `loyalty_card` (
  `loyaltyCardID` int(11) NOT NULL AUTO_INCREMENT,
  `audienceID` int(11) NOT NULL,
  `earnedPoints` varchar(45) DEFAULT NULL,
  PRIMARY KEY (`loyaltyCardID`),
  KEY `audienceID_idx` (`audienceID`),
  CONSTRAINT `loyalty` FOREIGN KEY (`audienceID`) REFERENCES `audience` (`audienceID`) ON UPDATE CASCADE
) ENGINE=InnoDB AUTO_INCREMENT=5071 DEFAULT CHARSET=utf8;
/*!40101 SET character_set_client = @saved_cs_client */;

--
-- Dumping data for table `loyalty_card`
--

LOCK TABLES `loyalty_card` WRITE;
/*!40000 ALTER TABLE `loyalty_card` DISABLE KEYS */;
INSERT INTO `loyalty_card` VALUES (1001,1,'8'),(1002,2,'0'),(1003,3,'0'),(1004,4,'4'),(1005,5,'0'),(1006,6,'7'),(1007,7,'0'),(1008,8,'0'),(1009,9,'0'),(1010,10,'5'),(1011,11,'4'),(1012,12,'0'),(1013,13,'0'),(1014,14,'0'),(1015,15,'0'),(1016,16,'0'),(1017,17,'0'),(1018,18,'0'),(1019,19,'0'),(1020,20,'1'),(1021,21,'0'),(1022,22,'0'),(1023,23,'0'),(1024,24,'0'),(1025,25,'0'),(1026,26,'0'),(1027,27,'0'),(1028,28,'0'),(1029,29,'0'),(1030,30,'0'),(1031,31,'0'),(1032,32,'0'),(1033,33,'0'),(1034,34,'0'),(1035,35,'0'),(1036,36,'0'),(1037,37,'0'),(1038,38,'0'),(1039,39,'0'),(1040,40,'0'),(1041,41,'0'),(1042,42,'0'),(1043,43,'0'),(1044,44,'0'),(1045,45,'0'),(1046,46,'0'),(1047,47,'0'),(1048,48,'0'),(1049,49,'0'),(1050,50,'0'),(1051,51,'0'),(1052,52,'0'),(1053,53,'0'),(1054,54,'0'),(1055,55,'0'),(1056,56,'0'),(1057,57,'0'),(1058,58,'0'),(1059,59,'0'),(1060,60,'0'),(1061,61,'0'),(1062,62,'0'),(1063,63,'0'),(1064,64,'0'),(1065,65,'0');
/*!40000 ALTER TABLE `loyalty_card` ENABLE KEYS */;
UNLOCK TABLES;

--
-- Table structure for table `performers`
--

DROP TABLE IF EXISTS `performers`;
/*!40101 SET @saved_cs_client     = @@character_set_client */;
/*!50503 SET character_set_client = utf8mb4 */;
CREATE TABLE `performers` (
  `performerID` int(11) NOT NULL AUTO_INCREMENT,
  `name` varchar(50) NOT NULL,
  `performerType` varchar(7) NOT NULL,
  `thumbnail` text NOT NULL,
  PRIMARY KEY (`performerID`),
  UNIQUE KEY `name_UNIQUE` (`name`)
) ENGINE=InnoDB AUTO_INCREMENT=21 DEFAULT CHARSET=utf8;
/*!40101 SET character_set_client = @saved_cs_client */;

--
-- Dumping data for table `performers`
--

LOCK TABLES `performers` WRITE;
/*!40000 ALTER TABLE `performers` DISABLE KEYS */;
INSERT INTO `performers` VALUES (1,'Juan Karlos Labajo','Solo','https://placehold.co/600x400'),(2,'Moira Dela Torre','Solo','https://placehold.co/600x400'),(3,'Muni Muni','Band','https://placehold.co/600x400'),(4,'Ben & Ben','Band','https://placehold.co/600x400'),(5,'Cup of Joe','Band','https://placehold.co/600x400'),(6,'Zild','Solo','https://placehold.co/600x400'),(7,'Rico Blanco','Solo','https://placehold.co/600x400'),(8,'Eraserheads','Band','https://placehold.co/600x400'),(9,'Sponge Cola','Band','https://placehold.co/600x400'),(10,'jikamarie','Solo','https://placehold.co/600x400'),(11,'Kiyo','Solo','https://placehold.co/600x400'),(12,'PostMalone','Solo','https://placehold.co/600x400'),(13,'Taylor Switft','Solo','https://placehold.co/600x400'),(14,'Imagine Dragon','Band','https://placehold.co/600x400'),(15,'Kanye West','Solo','https://placehold.co/600x400'),(16,'Lukas Graham','Solo','https://placehold.co/600x400'),(17,'Ed Sheeran','Solo','https://placehold.co/600x400'),(18,'Cold Play','Band','https://placehold.co/600x400'),(19,'Bruno Mars','Solo','https://placehold.co/600x400'),(20,'Justin Bieber','Solo','https://placehold.co/600x400');
/*!40000 ALTER TABLE `performers` ENABLE KEYS */;
UNLOCK TABLES;

--
-- Table structure for table `purchase`
--

DROP TABLE IF EXISTS `purchase`;
/*!40101 SET @saved_cs_client     = @@character_set_client */;
/*!50503 SET character_set_client = utf8mb4 */;
CREATE TABLE `purchase` (
  `purchaseID` int(11) NOT NULL,
  `ticketNum` int(11) NOT NULL,
  `discount` double DEFAULT NULL,
  `purchaseDate` date NOT NULL,
  `audienceBuyer` int(11) NOT NULL,
  PRIMARY KEY (`purchaseID`,`ticketNum`),
  KEY `ticketNum_idx` (`ticketNum`),
  KEY `audiencebuyer_idx` (`audienceBuyer`),
  KEY `purchaseDate_idx1` (`purchaseDate`),
  KEY `referenceNum_idx` (`purchaseDate`),
  CONSTRAINT `audienceBuyer` FOREIGN KEY (`audienceBuyer`) REFERENCES `audience` (`audienceID`) ON UPDATE CASCADE,
  CONSTRAINT `ticketNum` FOREIGN KEY (`ticketNum`) REFERENCES `ticket` (`ticketID`) ON UPDATE CASCADE
) ENGINE=InnoDB DEFAULT CHARSET=utf8;
/*!40101 SET character_set_client = @saved_cs_client */;

--
-- Dumping data for table `purchase`
--

LOCK TABLES `purchase` WRITE;
/*!40000 ALTER TABLE `purchase` DISABLE KEYS */;
INSERT INTO `purchase` VALUES (1,1,0,'2024-04-07',1),(2,2,0,'2024-04-07',1),(3,3,0,'2024-04-07',1),(4,4,0,'2024-04-07',1),(5,5,0,'2024-04-07',1),(6,6,0,'2024-04-07',1),(7,7,0,'2024-04-07',1),(8,8,0,'2024-04-07',1),(9,9,0,'2024-04-07',1),(10,10,0,'2024-04-07',1),(11,11,0,'2024-04-07',1),(12,12,0,'2024-04-07',1),(13,13,0,'2024-04-07',1),(14,14,0,'2024-04-07',11),(15,15,0,'2024-04-07',11),(16,16,0,'2024-04-07',11),(17,17,0,'2024-04-07',11),(18,18,0,'2024-04-07',4),(19,19,0,'2024-04-07',4),(20,20,0,'2024-04-07',4),(21,21,0,'2024-04-07',4),(22,22,0,'2024-04-07',4),(23,23,0,'2024-04-07',4),(24,24,0,'2024-04-07',6),(25,25,0,'2024-04-07',6),(26,26,0,'2024-04-07',6),(27,27,0,'2024-04-07',6),(28,28,0,'2024-04-07',6),(29,29,0,'2024-04-07',6),(30,30,0,'2024-04-07',6),(31,31,0,'2024-04-07',6),(32,32,0,'2024-04-07',6),(33,33,0,'2024-04-08',22),(34,34,0,'2024-04-08',22),(35,35,0,'2024-04-08',22),(36,36,0,'2024-04-08',22),(37,37,0,'2024-04-08',22),(38,38,0,'2024-04-08',22),(39,39,0,'2024-04-08',1),(40,40,0,'2024-04-08',1),(41,41,0,'2024-04-08',1),(42,42,0,'2024-04-08',1),(43,43,0,'2024-04-08',10),(44,44,0,'2024-04-08',10),(45,45,0,'2024-04-08',10),(46,46,0,'2024-04-08',10),(47,47,0,'2024-04-08',10),(48,48,0,'2024-04-08',13),(49,49,0,'2024-04-08',13),(50,50,0,'2024-04-08',13),(51,51,0,'2024-04-08',12),(52,52,0,'2024-04-08',12),(53,53,0,'2024-04-08',12),(54,54,0,'2024-04-08',12),(55,55,0,'2024-04-08',20);
/*!40000 ALTER TABLE `purchase` ENABLE KEYS */;
UNLOCK TABLES;

--
-- Table structure for table `schedule`
--

DROP TABLE IF EXISTS `schedule`;
/*!40101 SET @saved_cs_client     = @@character_set_client */;
/*!50503 SET character_set_client = utf8mb4 */;
CREATE TABLE `schedule` (
  `schedID` int(11) NOT NULL AUTO_INCREMENT,
  `performerID` int(11) NOT NULL,
  `date` date NOT NULL,
  `startTime` time NOT NULL,
  `endTime` time NOT NULL,
  `price` int(11) DEFAULT NULL,
  PRIMARY KEY (`schedID`),
  KEY `performerID_idx` (`performerID`),
  CONSTRAINT `performers` FOREIGN KEY (`performerID`) REFERENCES `performers` (`performerID`) ON DELETE CASCADE ON UPDATE CASCADE
) ENGINE=InnoDB AUTO_INCREMENT=301 DEFAULT CHARSET=utf8;
/*!40101 SET character_set_client = @saved_cs_client */;

--
-- Dumping data for table `schedule`
--

LOCK TABLES `schedule` WRITE;
/*!40000 ALTER TABLE `schedule` DISABLE KEYS */;
INSERT INTO `schedule` VALUES (1,1,'2024-02-05','17:00:00','18:00:00',1000),(2,2,'2024-02-05','20:00:00','21:00:00',800),(3,3,'2024-02-05','19:00:00','20:00:00',500),(4,4,'2024-02-05','21:00:00','22:00:00',600),(5,5,'2024-02-05','17:00:00','18:00:00',1200),(6,6,'2024-02-05','19:00:00','20:00:00',700),(7,7,'2024-02-05','20:00:00','21:00:00',1400),(8,8,'2024-02-05','21:00:00','22:00:00',1500),(9,9,'2024-02-06','17:00:00','18:00:00',400),(10,10,'2024-02-06','20:00:00','21:00:00',1100),(11,1,'2024-02-06','19:00:00','20:00:00',1000),(12,4,'2024-02-06','21:00:00','22:00:00',600),(13,7,'2024-02-06','17:00:00','18:00:00',1400),(14,11,'2024-02-07','18:00:00','21:00:00',650),(15,1,'2024-02-08','10:00:00','12:00:00',1000),(16,3,'2024-02-08','21:00:00','23:00:00',500),(17,12,'2024-02-09','12:00:00','15:00:00',450),(18,16,'2024-02-09','16:00:00','18:00:00',1600),(19,3,'2024-02-09','20:00:00','22:00:00',500),(20,6,'2024-02-10','20:00:00','23:00:00',700),(21,13,'2024-02-11','12:00:00','14:00:00',1050),(22,3,'2024-04-29','12:00:00','13:30:00',500),(23,2,'2024-05-27','22:00:00','23:30:00',800),(24,3,'2024-05-11','22:00:00','23:45:00',500),(25,4,'2024-05-03','22:15:00','00:00:00',600),(26,5,'2024-05-20','22:30:00','00:15:00',1200),(27,6,'2024-05-08','22:45:00','00:30:00',700),(28,7,'2024-05-25','23:00:00','01:00:00',1400),(29,8,'2024-05-14','22:15:00','23:45:00',1500),(30,9,'2024-05-06','22:30:00','00:00:00',400),(31,10,'2024-05-28','22:45:00','00:15:00',1100),(32,11,'2024-05-17','23:00:00','00:30:00',650),(33,2,'2024-05-09','23:15:00','01:00:00',800),(34,13,'2024-05-29','23:20:00','01:20:00',1050),(35,14,'2024-05-30','22:30:00','01:30:00',1800),(36,15,'2024-05-30','20:30:00','00:10:00',2000),(37,16,'2024-05-31','18:20:00','22:30:00',1600),(38,11,'2024-06-01','16:00:00','19:00:00',650),(39,18,'2024-06-01','19:00:00','23:00:00',1350),(40,17,'2024-06-02','14:30:00','17:00:00',200),(41,20,'2024-06-03','13:30:00','17:00:00',1900),(42,6,'2024-06-06','17:30:00','21:00:00',700),(43,9,'2024-06-10','23:20:00','01:30:00',400),(44,4,'2024-06-14','23:20:00','23:20:00',600),(45,1,'2024-06-17','14:30:00','17:00:00',1000),(46,12,'2024-06-22','13:30:00','16:00:00',450),(47,16,'2024-06-27','23:00:00','01:20:00',1600),(48,19,'2024-06-30','12:00:00','15:00:00',1700),(49,11,'2024-07-03','21:00:00','00:40:00',650),(50,17,'2024-07-08','10:00:00','13:00:00',200),(51,6,'2024-07-13','11:00:00','14:00:00',700),(52,8,'2024-07-16','22:15:00','00:30:00',1500),(53,7,'2024-07-22','20:30:00','00:10:00',1400),(54,3,'2024-07-25','18:15:00','21:15:00',500),(55,11,'2024-07-29','16:30:00','19:30:00',650),(56,5,'2024-08-02','17:45:00','20:45:00',1200),(57,10,'2024-08-06','19:00:00','22:00:00',1100),(58,19,'2024-08-10','15:30:00','18:30:00',1700),(59,3,'2024-08-14','18:45:00','21:45:00',500),(60,17,'2024-08-18','17:15:00','20:15:00',200),(61,2,'2024-08-22','20:30:00','23:30:00',800),(62,5,'2024-08-28','16:00:00','19:00:00',1200),(63,9,'2024-09-03','18:30:00','21:30:00',400),(64,7,'2024-09-05','19:00:00','22:00:00',1400),(65,15,'2024-09-12','18:00:00','21:00:00',2000),(66,3,'2024-09-18','20:30:00','20:30:00',500),(67,12,'2024-09-25','19:30:00','22:30:00',450),(68,19,'2024-09-29','18:45:00','21:45:00',1700),(69,5,'2024-10-04','20:00:00','23:00:00',1200),(70,10,'2024-10-06','19:15:00','22:15:00',1100),(71,16,'2024-10-15','18:30:00','21:30:00',1600),(72,2,'2024-10-21','18:30:00','21:30:00',800),(73,18,'2024-10-26','17:45:00','20:45:00',1350),(74,11,'2024-11-02','19:30:00','22:30:00',650),(75,8,'2024-11-09','20:45:00','23:45:00',1500),(76,4,'2024-11-14','19:00:00','22:00:00',600),(77,13,'2024-11-20','18:15:00','21:15:00',1050),(78,20,'2024-11-26','20:30:00','23:30:00',1900),(79,6,'2024-12-02','19:45:00','22:45:00',700),(80,17,'2024-12-05','17:30:00','20:30:00',200),(81,1,'2024-12-11','18:00:00','21:00:00',1000),(82,9,'2024-12-17','20:15:00','23:15:00',400),(83,14,'2024-12-22','00:20:24','22:30:00',1800),(84,3,'2024-12-28','18:45:00','21:45:00',500),(85,12,'2025-01-03','20:00:00','23:00:00',450),(86,5,'2025-01-09','19:15:00','22:15:00',1200),(87,10,'2025-01-14','18:30:00','21:30:00',1100),(88,16,'2025-01-19','20:45:00','23:45:00',1600),(89,2,'2025-01-25','19:00:00','22:00:00',800),(90,18,'2025-01-29','17:15:00','20:15:00',1350),(91,11,'2025-02-04','18:30:00','21:30:00',650),(92,8,'2025-02-09','20:45:00','23:45:00',1500),(93,4,'2025-02-15','19:00:00','22:00:00',600),(94,13,'2025-02-20','18:15:00','21:15:00',1050),(95,20,'2025-02-26','20:30:00','23:30:00',1900),(96,6,'2025-03-04','20:30:00','23:30:00',700),(97,17,'2025-03-08','17:30:00','20:30:00',200),(98,1,'2025-03-13','18:00:00','21:00:00',1000),(99,9,'2025-03-19','20:15:00','23:15:00',400),(100,14,'2025-03-25','19:30:00','22:30:00',1800),(101,3,'2025-03-30','18:45:00','18:45:00',500),(102,12,'2025-04-04','20:00:00','23:00:00',450),(103,5,'2025-04-10','19:15:00','22:15:00',1200),(104,10,'2025-04-15','18:30:00','21:30:00',1100),(105,16,'2025-04-20','20:45:00','23:45:00',1600),(106,2,'2025-04-25','19:00:00','22:00:00',800),(107,18,'2025-04-29','17:15:00','20:15:00',1350),(108,11,'2025-05-04','18:30:00','21:30:00',650),(109,8,'2025-05-09','20:45:00','23:45:00',1500),(110,4,'2025-05-15','19:00:00','22:00:00',600),(111,13,'2025-05-20','18:15:00','21:15:00',1050),(112,20,'2025-05-26','20:30:00','23:30:00',1900),(113,6,'2025-06-01','19:45:00','22:45:00',700),(114,17,'2025-06-05','17:30:00','20:30:00',200),(115,1,'2025-06-10','18:00:00','21:00:00',1000),(116,9,'2025-06-15','20:15:00','23:15:00',400),(117,14,'2025-06-20','19:30:00','22:30:00',1800),(118,3,'2025-06-25','18:45:00','21:45:00',500),(119,12,'2025-06-30','20:00:00','23:00:00',450),(120,5,'2025-07-05','19:15:00','22:15:00',1200),(121,3,'2025-08-15','18:30:00','21:30:00',500),(122,14,'2025-08-16','19:00:00','22:00:00',1800),(123,19,'2025-08-17','20:15:00','23:15:00',1700),(124,8,'2025-08-18','17:45:00','20:45:00',1500),(125,10,'2025-08-19','18:00:00','21:00:00',1100),(126,2,'2025-08-20','19:30:00','22:30:00',800),(127,16,'2025-08-21','20:45:00','23:45:00',1600),(128,12,'2025-08-22','18:30:00','21:30:00',450),(129,4,'2025-08-23','19:00:00','22:00:00',600),(130,9,'2025-08-24','20:15:00','23:15:00',400),(131,17,'2025-08-25','17:45:00','20:45:00',200),(132,6,'2025-08-26','18:00:00','21:00:00',700),(133,13,'2025-08-27','19:30:00','22:30:00',1050),(134,5,'2025-08-28','20:45:00','23:45:00',1200),(135,18,'2025-08-29','18:30:00','21:30:00',1350),(136,7,'2025-08-30','19:00:00','22:00:00',1400),(137,15,'2025-08-31','20:15:00','23:15:00',2000),(138,1,'2025-09-01','17:45:00','20:45:00',1000),(139,11,'2025-09-02','18:00:00','21:00:00',650),(140,20,'2025-09-03','19:30:00','22:30:00',1900),(141,3,'2025-09-04','20:45:00','23:45:00',500),(142,14,'2025-09-05','18:30:00','21:30:00',1800),(143,19,'2025-09-06','19:00:00','22:00:00',1700),(144,8,'2025-09-07','20:15:00','23:15:00',1500),(145,10,'2025-09-08','17:45:00','20:45:00',1100),(146,2,'2025-09-09','18:00:00','21:00:00',800),(147,16,'2025-09-10','19:30:00','22:30:00',1600),(148,12,'2025-09-11','20:45:00','23:45:00',450),(149,4,'2025-09-12','18:30:00','21:30:00',600),(150,9,'2025-09-13','19:00:00','22:00:00',400),(151,17,'2025-09-14','20:15:00','23:15:00',200),(152,6,'2025-09-15','17:45:00','20:45:00',700),(153,13,'2025-09-16','18:00:00','21:00:00',1050),(154,5,'2025-09-17','19:30:00','22:30:00',1200),(155,18,'2025-09-18','20:45:00','23:45:00',1350),(156,7,'2025-09-19','18:30:00','21:30:00',1400),(157,15,'2025-09-20','19:00:00','22:00:00',2000),(158,1,'2025-09-21','20:15:00','23:15:00',1000),(159,11,'2025-09-22','17:45:00','20:45:00',650),(160,20,'2025-09-23','18:00:00','21:00:00',1900),(161,3,'2025-09-24','19:30:00','22:30:00',500),(162,14,'2025-09-25','20:45:00','23:45:00',1800),(163,19,'2025-09-26','18:30:00','21:30:00',1700),(164,8,'2025-09-27','19:00:00','22:00:00',1500),(165,10,'2025-09-28','20:15:00','23:15:00',1100),(166,2,'2025-09-29','17:45:00','20:45:00',800),(167,16,'2025-09-30','18:00:00','21:00:00',1600),(168,12,'2025-10-01','19:30:00','22:30:00',450),(169,4,'2025-10-02','20:45:00','23:45:00',600),(170,9,'2025-10-03','18:30:00','21:30:00',400),(171,17,'2025-10-04','19:00:00','22:00:00',200),(172,6,'2025-10-05','20:15:00','23:15:00',700),(173,13,'2025-10-06','17:45:00','20:45:00',1050),(174,5,'2025-10-07','18:00:00','21:00:00',1200),(175,18,'2025-10-08','19:30:00','22:30:00',1350),(176,7,'2025-10-09','20:45:00','23:45:00',1400),(177,15,'2025-10-10','18:30:00','21:30:00',2000),(178,1,'2025-10-11','19:00:00','22:00:00',1000),(179,11,'2025-10-12','20:15:00','23:15:00',650),(180,20,'2025-10-13','17:45:00','20:45:00',1900),(181,3,'2025-10-14','18:00:00','21:00:00',500),(182,14,'2025-10-15','19:30:00','22:30:00',1800),(183,19,'2025-10-16','20:45:00','23:45:00',1700),(184,8,'2025-10-17','18:30:00','21:30:00',1500),(185,10,'2025-10-18','19:00:00','22:00:00',1100),(186,2,'2025-10-19','20:15:00','23:15:00',800),(187,16,'2025-10-20','17:45:00','20:45:00',1600),(188,12,'2025-10-21','18:00:00','21:00:00',450),(189,4,'2025-10-22','19:30:00','22:30:00',600),(190,9,'2025-10-23','20:45:00','23:45:00',400),(191,17,'2025-10-24','18:30:00','21:30:00',200),(192,6,'2025-10-25','19:00:00','22:00:00',700),(193,13,'2025-10-26','20:15:00','23:15:00',1050),(194,5,'2025-10-27','17:45:00','20:45:00',1200),(195,18,'2025-10-28','18:00:00','21:00:00',1350),(196,7,'2025-10-29','19:30:00','22:30:00',1400),(197,15,'2025-10-30','20:45:00','23:45:00',2000),(198,1,'2025-10-31','18:30:00','21:30:00',1000),(199,11,'2025-11-01','19:00:00','22:00:00',650),(200,20,'2025-11-02','20:15:00','23:15:00',1900),(201,3,'2025-11-03','17:45:00','20:45:00',500),(202,14,'2025-11-04','18:00:00','21:00:00',1800),(203,19,'2025-11-05','19:30:00','22:30:00',1700),(204,8,'2025-11-06','20:45:00','23:45:00',1500),(205,10,'2025-11-07','18:30:00','21:30:00',1100),(206,2,'2025-11-08','19:00:00','22:00:00',800),(207,16,'2025-11-09','20:15:00','23:15:00',1600),(208,12,'2025-11-10','17:45:00','20:45:00',450),(209,4,'2025-11-11','18:00:00','21:00:00',600),(210,9,'2025-11-12','19:30:00','22:30:00',400),(211,17,'2025-11-13','20:45:00','23:45:00',200),(212,6,'2025-11-14','18:30:00','21:30:00',700),(213,13,'2025-11-15','19:00:00','22:00:00',1050),(214,5,'2025-11-16','20:15:00','23:15:00',1200),(215,18,'2025-11-17','17:45:00','20:45:00',1350),(216,7,'2025-11-18','18:00:00','21:00:00',1400),(217,15,'2025-11-19','19:30:00','22:30:00',2000),(218,1,'2025-11-20','20:45:00','23:45:00',1000),(219,11,'2025-11-21','18:30:00','21:30:00',650),(220,20,'2025-11-22','19:00:00','22:00:00',1900),(221,3,'2025-11-23','20:15:00','23:15:00',500),(222,14,'2025-11-24','17:45:00','20:45:00',1800),(223,19,'2025-11-25','18:00:00','21:00:00',1700),(224,8,'2025-11-26','19:30:00','22:30:00',1500),(225,10,'2025-11-27','20:45:00','23:45:00',1100),(226,2,'2025-11-28','18:30:00','21:30:00',800),(227,16,'2025-11-29','19:00:00','22:00:00',1600),(228,12,'2025-11-30','20:15:00','23:15:00',450),(229,4,'2025-12-01','17:45:00','20:45:00',600),(230,9,'2025-12-02','18:00:00','21:00:00',400),(231,17,'2025-12-03','19:30:00','22:30:00',200),(232,6,'2025-12-04','20:45:00','23:45:00',700),(233,13,'2025-12-05','18:30:00','21:30:00',1050),(234,5,'2025-12-06','19:00:00','22:00:00',1200),(235,18,'2025-12-07','20:15:00','23:15:00',1350),(236,7,'2025-12-08','17:45:00','20:45:00',1400),(237,15,'2025-12-09','18:00:00','21:00:00',2000),(238,1,'2025-12-10','19:30:00','22:30:00',1000),(239,11,'2025-12-11','20:45:00','23:45:00',650),(240,20,'2025-12-12','18:30:00','21:30:00',1900),(241,3,'2025-12-13','19:00:00','22:00:00',500),(242,14,'2025-12-14','20:15:00','23:15:00',1800),(243,19,'2025-12-15','17:45:00','20:45:00',1700),(244,8,'2025-12-16','18:00:00','21:00:00',1500),(245,10,'2025-12-17','19:30:00','22:30:00',1100),(246,2,'2025-12-18','20:45:00','23:45:00',800),(247,16,'2025-12-19','18:30:00','21:30:00',1600),(248,12,'2025-12-20','19:00:00','22:00:00',450),(249,4,'2025-12-21','20:15:00','23:15:00',600),(250,9,'2025-12-22','17:45:00','20:45:00',400),(251,17,'2025-12-23','18:00:00','21:00:00',200),(252,6,'2025-12-24','19:30:00','22:30:00',700),(253,13,'2025-12-25','20:45:00','23:45:00',1050),(254,5,'2025-12-26','18:30:00','21:30:00',1200),(255,18,'2025-12-27','19:00:00','22:00:00',1350),(256,7,'2025-12-28','20:15:00','23:15:00',1400),(257,15,'2025-12-29','17:45:00','20:45:00',2000),(258,1,'2025-12-30','18:00:00','21:00:00',1000),(259,11,'2025-12-31','19:30:00','22:30:00',650),(260,20,'2026-01-01','20:45:00','23:45:00',1900),(261,3,'2026-01-02','18:30:00','21:30:00',500),(262,14,'2026-01-03','19:00:00','22:00:00',1800),(263,19,'2026-01-04','20:15:00','23:15:00',1700),(264,8,'2026-01-05','17:45:00','20:45:00',1500),(265,10,'2026-01-06','18:00:00','21:00:00',1100),(266,2,'2026-01-07','19:30:00','22:30:00',800),(267,16,'2026-01-08','20:45:00','23:45:00',1600),(268,12,'2026-01-09','18:30:00','21:30:00',450),(269,4,'2026-01-10','19:00:00','22:00:00',600),(270,9,'2026-01-11','20:15:00','23:15:00',400),(271,17,'2026-01-12','17:45:00','20:45:00',200),(272,6,'2026-01-13','18:00:00','21:00:00',700),(273,13,'2026-01-14','19:30:00','22:30:00',1050),(274,5,'2026-01-15','20:45:00','23:45:00',1200),(275,18,'2026-01-16','18:30:00','21:30:00',1350),(276,7,'2026-01-17','19:00:00','22:00:00',1400),(277,15,'2026-01-18','20:15:00','23:15:00',2000),(278,1,'2026-01-19','17:45:00','20:45:00',1000),(279,11,'2026-01-20','18:00:00','21:00:00',650),(280,20,'2026-01-21','19:30:00','22:30:00',1900),(281,3,'2026-01-22','20:45:00','23:45:00',500),(282,14,'2026-01-23','18:30:00','21:30:00',1800),(283,19,'2026-01-24','19:00:00','22:00:00',1700),(284,8,'2026-01-25','20:15:00','23:15:00',1500),(285,10,'2026-01-26','17:45:00','20:45:00',1100),(286,2,'2026-01-27','18:00:00','21:00:00',800),(287,16,'2026-01-28','19:30:00','22:30:00',1600),(288,12,'2026-01-29','20:45:00','23:45:00',450),(289,4,'2026-01-30','18:30:00','21:30:00',600),(290,9,'2026-01-31','19:00:00','22:00:00',400),(291,17,'2026-02-01','20:15:00','23:15:00',200),(292,6,'2026-02-02','17:45:00','20:45:00',700),(293,13,'2026-02-03','18:00:00','21:00:00',1050),(294,5,'2026-02-04','19:30:00','22:30:00',1200),(295,18,'2026-02-05','20:45:00','23:45:00',1350),(296,7,'2026-02-06','18:30:00','21:30:00',1400),(297,15,'2026-02-07','19:00:00','22:00:00',2000),(298,1,'2026-02-08','20:15:00','23:15:00',1000),(299,11,'2026-02-09','17:45:00','20:45:00',650),(300,20,'2026-02-10','18:00:00','21:00:00',1900);
/*!40000 ALTER TABLE `schedule` ENABLE KEYS */;
UNLOCK TABLES;

--
-- Table structure for table `ticket`
--

DROP TABLE IF EXISTS `ticket`;
/*!40101 SET @saved_cs_client     = @@character_set_client */;
/*!50503 SET character_set_client = utf8mb4 */;
CREATE TABLE `ticket` (
  `ticketID` int(11) NOT NULL AUTO_INCREMENT,
  `schedID` int(11) NOT NULL,
  `loyaltyCardID` int(11) DEFAULT NULL,
  `amountPaid` double NOT NULL,
  `isTicketUsed` varchar(45) NOT NULL,
  PRIMARY KEY (`ticketID`),
  KEY `scheduleID_idx` (`schedID`),
  KEY `loyaltyCardID_idx` (`loyaltyCardID`),
  CONSTRAINT `loyaltyCardID` FOREIGN KEY (`loyaltyCardID`) REFERENCES `loyalty_card` (`loyaltyCardID`) ON UPDATE CASCADE,
  CONSTRAINT `sched` FOREIGN KEY (`schedID`) REFERENCES `schedule` (`schedID`) ON UPDATE CASCADE
) ENGINE=InnoDB AUTO_INCREMENT=309 DEFAULT CHARSET=utf8;
/*!40101 SET character_set_client = @saved_cs_client */;

--
-- Dumping data for table `ticket`
--

LOCK TABLES `ticket` WRITE;
/*!40000 ALTER TABLE `ticket` DISABLE KEYS */;
INSERT INTO `ticket` VALUES (1,68,1001,1700,'Used'),(2,94,1001,1050,'Used'),(3,79,1001,700,'Used'),(4,36,1001,2000,'Used'),(5,25,1001,600,'Used'),(6,101,1001,500,'Used'),(7,115,1001,1000,'Used'),(8,91,1001,650,'Used'),(9,41,1001,1900,'unused'),(10,136,1001,1400,'unused'),(11,60,1001,200,'unused'),(12,123,1001,1700,'unused'),(13,33,1001,800,'unused'),(14,45,1011,1000,'Used'),(15,74,1011,650,'Used'),(16,63,1011,400,'Used'),(17,160,1011,1900,'Used'),(18,141,1004,500,'unused'),(19,104,1004,1100,'Used'),(20,111,1004,1050,'Used'),(21,47,1004,1600,'Used'),(22,62,1004,1200,'Used'),(23,198,1004,1000,'unused'),(24,29,1006,1500,'Used'),(25,80,1006,200,'Used'),(26,22,1006,500,'Used'),(27,122,1006,1800,'unused'),(28,46,1006,450,'unused'),(29,43,1006,400,'Used'),(30,169,1006,600,'Used'),(31,97,1006,200,'Used'),(32,187,1006,1600,'Used'),(33,120,1022,1200,'unused'),(34,223,1022,1700,'unused'),(35,31,1022,1100,'unused'),(36,175,1022,1350,'unused'),(37,200,1022,1900,'unused'),(38,166,1022,800,'unused'),(39,216,1001,1400,'unused'),(40,73,1001,1350,'unused'),(41,182,1001,1800,'unused'),(42,56,1001,1200,'unused'),(43,81,1010,1000,'Used'),(44,58,1010,1700,'Used'),(45,42,1010,700,'Used'),(46,110,1010,600,'Used'),(47,202,1010,1800,'Used'),(48,104,1013,1100,'unused'),(49,148,1013,450,'unused'),(50,164,1013,1500,'unused'),(51,115,1012,1000,'unused'),(52,68,1012,1700,'unused'),(53,99,1012,400,'unused'),(54,76,1012,600,'unused'),(55,221,1020,500,'Used');
/*!40000 ALTER TABLE `ticket` ENABLE KEYS */;
UNLOCK TABLES;

--
-- Table structure for table `watch_gig`
--

DROP TABLE IF EXISTS `watch_gig`;
/*!40101 SET @saved_cs_client     = @@character_set_client */;
/*!50503 SET character_set_client = utf8mb4 */;
CREATE TABLE `watch_gig` (
  `watchID` int(11) NOT NULL AUTO_INCREMENT,
  `ticketID` int(11) NOT NULL,
  `audience` int(11) NOT NULL,
  `redeemTime` datetime NOT NULL,
  PRIMARY KEY (`watchID`),
  KEY `ticketID_idx` (`ticketID`),
  KEY `audienceID_idx` (`audience`),
  CONSTRAINT `audience` FOREIGN KEY (`audience`) REFERENCES `audience` (`audienceID`) ON UPDATE CASCADE,
  CONSTRAINT `ticketID` FOREIGN KEY (`ticketID`) REFERENCES `ticket` (`ticketID`)
) ENGINE=InnoDB AUTO_INCREMENT=30 DEFAULT CHARSET=utf8;
/*!40101 SET character_set_client = @saved_cs_client */;

--
-- Dumping data for table `watch_gig`
--

LOCK TABLES `watch_gig` WRITE;
/*!40000 ALTER TABLE `watch_gig` DISABLE KEYS */;
INSERT INTO `watch_gig` VALUES (1,55,20,'2024-04-08 00:00:00'),(2,1,1,'2024-04-08 00:00:00'),(3,2,1,'2024-04-08 00:00:00'),(4,3,1,'2024-04-08 00:00:00'),(5,4,1,'2024-04-08 00:00:00'),(6,5,1,'2024-04-08 00:00:00'),(7,6,1,'2024-04-08 00:00:00'),(8,7,1,'2024-04-08 00:00:00'),(9,8,1,'2024-04-08 00:00:00'),(10,20,4,'2024-04-08 00:00:00'),(11,19,4,'2024-04-08 00:00:00'),(12,21,4,'2024-04-08 00:00:00'),(13,22,4,'2024-04-08 00:00:00'),(14,24,6,'2024-04-08 00:00:00'),(15,25,6,'2024-04-08 00:00:00'),(16,26,6,'2024-04-08 00:00:00'),(17,29,6,'2024-04-08 00:00:00'),(18,30,6,'2024-04-08 00:00:00'),(19,31,6,'2024-04-08 00:00:00'),(20,32,6,'2024-04-08 00:00:00'),(21,43,10,'2024-04-08 00:00:00'),(22,44,10,'2024-04-08 00:00:00'),(23,45,10,'2024-04-08 00:00:00'),(24,46,10,'2024-04-08 00:00:00'),(25,47,10,'2024-04-08 00:00:00'),(26,14,11,'2024-04-08 00:00:00'),(27,15,11,'2024-04-08 00:00:00'),(28,16,11,'2024-04-08 00:00:00'),(29,17,11,'2024-04-08 00:00:00');
/*!40000 ALTER TABLE `watch_gig` ENABLE KEYS */;
UNLOCK TABLES;
/*!40103 SET TIME_ZONE=@OLD_TIME_ZONE */;

/*!40101 SET SQL_MODE=@OLD_SQL_MODE */;
/*!40014 SET FOREIGN_KEY_CHECKS=@OLD_FOREIGN_KEY_CHECKS */;
/*!40014 SET UNIQUE_CHECKS=@OLD_UNIQUE_CHECKS */;
/*!40101 SET CHARACTER_SET_CLIENT=@OLD_CHARACTER_SET_CLIENT */;
/*!40101 SET CHARACTER_SET_RESULTS=@OLD_CHARACTER_SET_RESULTS */;
/*!40101 SET COLLATION_CONNECTION=@OLD_COLLATION_CONNECTION */;
/*!40111 SET SQL_NOTES=@OLD_SQL_NOTES */;

-- Dump completed on 2024-04-08 20:30:45
